InvoiceNo,CustomerID
C536379,14527
C536383,15311
C536391,17548
C536506,17897
C536543,17841
C536548,12472
C536606,14092
C536622,12471
C536625,14766
C536642,14390
C536734,16042
C536737,15922
C536757,15838
C536758,13767
C536760,17547
C536807,15834
C536812,16546
C536814,13958
C536815,14443
C536816,14443
C536817,14156
C536818,16995
C536820,18168
C536822,14625
C536825,15384
C536826,17924
C536827,13408
C536828,14264
C536829,13295
C536850,14213
C536853,14679
C536854,15240
C536855,18225
C536978,17954
C536979,17841
C537024,13941
C537039,15708
C537043,15351
C537132,15221
C537143,12748
C537157,15880
C537164,14527
C537203,14606
C537232,12586
C537234,16161
C537314,13497
C537320,14867
C537333,12474
C537373,14487
C537379,15882
C537383,16550
C537398,15426
C537402,15502
C537406,15502
C537408,15502
C537413,14409
C537414,16861
C537416,16138
C537417,13481
C537431,16782
C537444,14850
C537445,15021
C537530,13319
C537596,17954
C537597,15498
C537602,17511
C537611,17675
C537656,15100
C537677,14796
C537684,14901
C537746,15021
C537756,14952
C537763,16713
C537788,15916
C537797,13113
C537798,16553
C537805,15311
C537807,13495
C537812,14299
C537814,12712
C537820,16016
C537821,18193
C537824,12870
C537832,16858
C537834,13267
C537835,14618
C537838,13115
C537853,13370
C537856,14388
C537857,17340
C537860,16252
C537893,12721
C537998,17411
C538052,15181
C538059,14205
C538062,17702
C538066,15738
C538075,13021
C538081,16898
C538082,13777
C538083,15750
C538084,12649
C538085,16350
C538088,14766
C538089,18230
C538091,16499
C538098,14441
C538099,15279
C538100,16579
C538102,14047
C538103,17442
C538105,16781
C538109,16042
C538110,17307
C538111,17950
C538112,14898
C538114,14217
C538115,16817
C538118,17700
C538119,13136
C538121,15535
C538122,14696
C538123,12605
C538124,15329
C538164,14031
C538314,15514
C538341,15514
C538344,13448
C538350,13798
C538357,13798
C538362,15179
C538372,16923
C538373,16779
C538375,17126
C538376,16393
C538377,15224
C538463,17085
C538500,13715
C538530,14796
C538531,13715
C538536,15881
C538595,15555
C538628,17231
C538632,14085
C538642,12476
C538643,12476
C538647,15808
C538650,15311
C538670,13448
C538684,16161
C538690,13802
C538691,14176
C538692,13599
C538693,16558
C538694,16143
C538695,14032
C538696,13050
C538698,13329
C538699,16422
C538700,16499
C538701,16863
C538702,13008
C538703,17519
C538704,14206
C538705,15093
C538711,15468
C538712,17677
C538713,16570
C538717,18141
C538718,15602
C538720,17526
C538723,12434
C538725,16955
C538726,13078
C538734,16810
C538742,13599
C538745,16722
C538749,15713
C538755,16782
C538763,17722
C538768,14829
C538771,13078
C538794,14907
C538798,17041
C538802,17017
C538803,16262
C538804,13769
C538805,14708
C538806,15181
C538813,14606
C538833,14680
C538834,14415
C538847,17404
C538874,12867
C538876,16499
C538882,12797
C538887,13198
C538889,12797
C538891,16233
C538897,16422
C538898,15078
C538904,18168
C538971,12865
C538997,14426
C539003,14527
C539031,12647
C539035,15535
C539037,12666
C539054,17044
C539055,13829
C539057,18230
C539058,17633
C539059,14829
C539063,15107
C539065,14898
C539066,17912
C539067,15194
C539068,13266
C539069,12947
C539071,17820
C539072,15664
C539073,12971
C539090,16996
C539097,12621
C539100,16996
C539104,12494
C539110,16470
C539114,12494
C539191,17062
C539195,12748
C539221,14911
C539224,17377
C539244,14606
C539251,17213
C539253,17188
C539258,16233
C539260,15100
C539270,14777
C539271,14639
C539273,13209
C539274,13408
C539276,16503
C539277,15777
C539278,18269
C539279,13267
C539284,16770
C539287,17655
C539289,18065
C539291,18075
C539301,13496
C539302,15392
C539329,16013
C539402,17315
C539409,12720
C539438,16607
C539448,15157
C539467,15044
C539476,16686
C539486,18256
C539499,15312
C539565,14113
C539566,16705
C539568,13267
C539569,17204
C539573,14107
C539574,16713
C539575,13089
C539576,14911
C539577,17924
C539589,14527
C539596,13694
C539598,14299
C539599,17951
C539600,13329
C539601,14119
C539602,13369
C539603,14911
C539605,13050
C539606,16145
C539608,16873
C539632,17230
C539640,15311
C539644,12471
C539655,13089
C539657,16134
C539661,12971
C539667,13148
C539707,18223
C539709,18176
C539710,14769
C539711,13319
C539712,15602
C539719,14643
C539726,17007
C539827,15044
C539830,14944
C539832,17239
C539838,13458
C539857,15358
C539866,12427
C539943,14032
C539944,14560
C539945,17069
C539947,13854
C539949,17581
C539950,13534
C539956,12980
C539983,15856
C540006,14606
C540007,15379
C540030,16029
C540057,12483
C540097,15373
C540109,17389
C540112,15973
C540129,12578
C540142,12782
C540151,12494
C540152,12395
C540156,12683
C540158,12471
C540164,14911
C540165,18109
C540171,14527
C540177,16316
C540243,12585
C540244,17213
C540246,13081
C540250,17511
C540270,14680
C540271,12503
C540307,15823
C540346,12471
C540347,16424
C540360,18041
C540366,15061
C540367,12413
C540376,13488
C540377,16656
C540378,13715
C540379,15101
C540380,16094
C540381,16705
C540382,12957
C540384,14961
C540385,14426
C540386,12417
C540388,13115
C540389,14426
C540390,16191
C540391,13047
C540392,12753
C540393,17428
C540394,17696
C540398,14047
C540400,16150
C540403,17230
C540417,13680
C540470,14505
C540503,13668
C540527,14606
C540535,15005
C540555,16279
C540634,13672
C540643,12471
C540652,17406
C540780,14299
C540781,16875
C540783,17629
C540784,13126
C540786,15194
C540787,13408
C540788,13576
C540790,16145
C540791,13534
C540792,16203
C540793,14295
C540796,15107
C540814,15518
C540820,15518
C540837,14733
C540841,15602
C540843,15602
C540845,16191
C540846,13162
C540847,13458
C540850,12665
C540852,15197
C540853,12413
C540860,15953
C540895,17095
C540937,14748
C540938,15061
C540942,13113
C540944,16554
C540948,13093
C540949,13093
C540950,18226
C540952,14606
C541007,13078
C541009,17581
C541089,14229
C541090,17406
C541092,13473
C541117,15100
C541201,13081
C541222,14299
C541229,16359
C541231,13455
C541232,16235
C541233,13107
C541234,13862
C541235,16670
C541237,13599
C541245,15535
C541254,17841
C541257,18069
C541261,14404
C541284,17744
C541415,14292
C541416,14606
C541418,13883
C541433,12346
C541498,13693
C541499,13693
C541501,13458
C541502,18190
C541503,15291
C541512,17576
C541572,15171
C541573,15311
C541586,12383
C541589,15831
C541603,14572
C541641,17841
C541654,12540
C541656,17315
C541674,16892
C541688,12683
C541689,13090
C541691,13090
C541693,14309
C541694,17364
C541701,14895
C541704,13284
C541705,13854
C541707,18223
C541710,14320
C541735,12626
C541779,13102
C541786,14441
C541787,12829
C541790,14175
C541817,13929
C541818,17389
C541821,15281
C541822,15658
C541823,17677
C541824,15939
C541825,12652
C541826,18260
C541828,13769
C541829,14175
C541831,18223
C541833,17644
C541834,17048
C541852,17841
C541861,13742
C541863,13798
C541868,14796
C541885,16782
C541897,15039
C541959,14692
C541961,17799
C541964,15291
C541994,14113
C542032,15311
C542038,14534
C542060,14680
C542078,12854
C542082,15213
C542086,18277
C542088,12553
C542089,12681
C542091,17091
C542092,14389
C542094,13310
C542095,17730
C542097,14215
C542101,12471
C542104,16191
C542138,17368
C542139,17094
C542140,12947
C542150,14049
C542218,14606
C542232,16714
C542244,13098
C542245,13098
C542256,17722
C542257,14341
C542259,16656
C542260,13890
C542261,17306
C542262,17591
C542263,14849
C542264,15215
C542270,13050
C542271,12637
C542273,12578
C542346,12709
C542348,12539
C542352,15596
C542366,13777
C542376,13777
C542383,14299
C542385,14290
C542395,17389
C542400,15189
C542402,16124
C542403,13534
C542404,13534
C542413,16923
C542416,16133
C542421,17180
C542424,18075
C542426,14146
C542427,14180
C542537,12501
C542539,14229
C542588,12997
C542589,14709
C542593,15549
C542604,13148
C542635,14688
C542637,14688
C542638,13396
C542639,16570
C542640,16839
C542642,15827
C542643,13615
C542644,15497
C542645,14180
C542693,12908
C542704,15189
C542714,12437
C542721,14502
C542726,16191
C542730,13506
C542732,14180
C542734,14442
C542738,13089
C542740,12853
C542742,15358
C542744,16191
C542748,15881
C542753,15881
C542781,12626
C542787,15864
C542792,14627
C542793,14113
C542798,12477
C542799,14606
C542805,14606
C542832,15694
C542866,15311
C542910,17511
C542912,13141
C542913,16779
C542916,15940
C542924,12559
C542951,16985
C542991,14460
C543004,13939
C543026,16717
C543039,16992
C543042,17337
C543050,12625
C543052,14180
C543109,12775
C543112,14133
C543119,14606
C543175,12712
C543195,13113
C543239,14462
C543241,17315
C543244,16725
C543290,16686
C543307,18118
C543347,12472
C543353,16033
C543356,14443
C543368,18245
C543375,16321
C543381,15513
C543388,14646
C543431,12474
C543442,14911
C543445,12662
C543465,13873
C543469,12709
C543475,14415
C543551,16716
C543603,15570
C543605,13110
C543606,14665
C543607,15602
C543608,17230
C543609,16705
C543611,17850
C543620,14081
C543621,14475
C543624,12931
C543627,15601
C543628,16558
C543632,14842
C543633,17188
C543634,13599
C543635,13894
C543636,13767
C543637,15738
C543638,16403
C543640,12967
C543643,16161
C543644,17609
C543659,16730
C543661,12471
C543662,14441
C543663,18118
C543671,18087
C543706,15044
C543729,15796
C543741,13021
C543742,14676
C543743,12505
C543744,13672
C543745,13672
C543749,13672
C543750,18250
C543752,14031
C543755,14304
C543756,13089
C543757,13115
C543758,15299
C543760,15638
C543761,12943
C543763,13050
C543764,17035
C543765,16265
C543766,13319
C543767,13767
C543768,14497
C543769,17213
C543771,15658
C543772,13534
C543773,12410
C543775,13102
C543776,14133
C543778,18084
C543779,15240
C543780,17334
C543784,13089
C543785,13098
C543786,13078
C543787,15061
C543789,17450
C543790,17071
C543791,15270
C543792,13725
C543811,15640
C543817,17841
C543818,16897
C543819,16928
C543830,12476
C543834,12553
C543835,12963
C543837,14431
C543838,15827
C543840,14527
C543841,17095
C543917,12951
C543918,12921
C543972,17924
C543974,14606
C543980,14189
C543992,12583
C544034,14701
C544038,14659
C544057,13623
C544080,17819
C544099,15059
C544117,12727
C544118,16306
C544171,13001
C544174,13001
C544184,16684
C544279,17954
C544300,18125
C544310,17841
C544318,12989
C544397,12462
C544413,14760
C544414,13408
C544415,16133
C544416,16713
C544417,17512
C544419,12395
C544420,16191
C544422,12553
C544424,18093
C544425,13078
C544427,17612
C544428,16306
C544429,16306
C544432,16979
C544433,15601
C544435,15122
C544436,18172
C544437,16027
C544442,15465
C544451,13097
C544458,14667
C544507,17865
C544553,14092
C544557,17422
C544558,16073
C544559,14329
C544560,17677
C544561,15687
C544570,12471
C544577,12365
C544590,14744
C544594,15079
C544608,15290
C544609,12494
C544635,18257
C544653,13113
C544655,13113
C544665,12852
C544669,18055
C544674,13421
C544679,12616
C544682,17511
C544696,14735
C544775,14211
C544780,16701
C544814,15590
C544827,17147
C544828,17147
C544829,17314
C544830,13118
C544831,15146
C544840,16719
C544897,17867
C544901,15078
C544902,12362
C545003,18231
C545033,14156
C545040,13684
C545068,14157
C545189,17841
C545277,12933
C545307,17027
C545329,12352
C545330,12352
C545421,13166
C545432,14657
C545434,13410
C545436,13093
C545437,13093
C545438,14231
C545439,14243
C545440,16843
C545442,17063
C545443,17442
C545444,13767
C545446,12753
C545449,16573
C545450,16839
C545451,13477
C545452,16422
C545453,14639
C545454,15189
C545455,16473
C545456,17865
C545457,17428
C545458,13018
C545476,14527
C545478,16422
C545502,15078
C545504,13630
C545507,12565
C545508,17017
C545509,17017
C545510,15281
C545511,18198
C545513,15932
C545516,14276
C545520,14744
C545525,12415
C545529,16191
C545531,17675
C545532,15257
C545537,16212
C545556,15005
C545569,14239
C545639,13113
C545650,15311
C545671,15465
C545672,15304
C545673,14745
C545674,18223
C545677,14543
C545678,16678
C545679,16923
C545689,16033
C545720,15039
C545723,17048
C545724,14051
C545728,12484
C545739,12754
C545740,18257
C545769,14903
C545773,17139
C545823,13884
C545824,15241
C545825,12839
C545828,15189
C545829,15290
C545831,15194
C545833,16013
C545834,13458
C545836,14606
C545837,12598
C545839,15110
C545840,13089
C545841,17675
C545843,12921
C545844,16838
C545846,13081
C545847,15903
C545848,17672
C545849,16598
C545850,15811
C545852,14048
C545866,17841
C545867,17841
C545885,15827
C545891,12754
C545892,12755
C545903,13345
C545997,12679
C546022,14507
C546080,15078
C546081,15974
C546106,14527
C546125,16316
C546128,15622
C546131,16057
C546162,17404
C546167,15611
C546168,16670
C546170,15034
C546173,14227
C546174,13094
C546191,16422
C546203,16839
C546204,13599
C546205,18223
C546206,13014
C546207,14211
C546208,12417
C546209,15596
C546210,14713
C546211,15358
C546214,15724
C546217,14057
C546234,13599
C546238,13767
C546241,14903
C546256,15738
C546267,15093
C546270,17567
C546278,13476
C546302,14214
C546313,13094
C546320,12708
C546323,13975
C546325,14911
C546327,14911
C546362,16419
C546363,16912
C546395,14214
C546400,17994
C546416,14800
C546496,17646
C546501,12584
C546507,12712
C546511,12921
C546517,15308
C546519,14350
C546529,15502
C546535,15502
C546536,15493
C546548,16518
C546559,12727
C546623,17954
C546641,13451
C546645,15311
C546647,17419
C546664,16061
C546671,15215
C546680,13121
C546730,18183
C546735,16029
C546740,16983
C546773,14505
C546777,17080
C546783,12924
C546854,17511
C546858,14081
C546859,17603
C546864,13319
C546865,14226
C546867,18218
C546868,15671
C546870,14462
C546879,16422
C546880,13093
C546881,15159
C546885,15671
C546886,12520
C546887,14329
C546889,13971
C546893,14156
C546894,14334
C546895,15358
C546897,18183
C546901,14112
C546903,16217
C546904,16150
C546905,15061
C546906,17675
C546907,16422
C546930,14701
C546931,12989
C546932,16297
C546978,17857
C546997,12748
C547024,15065
C547031,15465
C547043,16156
C547054,16444
C547104,16817
C547168,13593
C547187,12779
C547193,17811
C547198,14606
C547208,15189
C547228,16626
C547229,17213
C547230,18189
C547231,15291
C547232,12994
C547234,12428
C547235,15291
C547236,14180
C547237,16080
C547241,16817
C547309,17416
C547342,15044
C547368,16809
C547376,14227
C547388,12352
C547408,15658
C547409,13092
C547410,18183
C547495,15021
C547502,14513
C547574,14223
C547581,12474
C547582,12474
C547594,12693
C547661,13736
C547675,17754
C547676,15189
C547710,14875
C547711,13534
C547763,14194
C547791,17979
C547797,17460
C547798,17204
C547802,12921
C547806,12528
C547807,14194
C547808,13014
C547836,15465
C547838,12916
C547847,14232
C547848,12921
C547849,12471
C547851,16782
C547852,15065
C547853,15615
C547854,14586
C547855,14194
C547856,16256
C547857,13050
C547858,14911
C547859,13725
C547889,14410
C547930,12594
C547958,15032
C547961,15032
C547968,12471
C547988,13477
C547992,18225
C548009,14245
C548015,13802
C548155,15906
C548174,13662
C548187,17511
C548193,14680
C548307,17314
C548341,13089
C548350,15648
C548352,12921
C548355,12921
C548356,12472
C548357,15785
C548360,13534
C548362,13268
C548374,13047
C548375,14256
C548387,14794
C548389,16713
C548391,13488
C548392,18075
C548411,13316
C548453,17428
C548454,16422
C548456,16422
C548460,16801
C548462,14527
C548463,13225
C548464,13043
C548465,17526
C548467,16619
C548469,14543
C548471,14267
C548485,14051
C548487,14952
C548488,16638
C548495,17075
C548503,14410
C548508,14189
C548513,13777
C548532,14031
C548543,14525
C548564,12616
C548573,15045
C548576,15696
C548577,13694
C548607,16700
C548609,15589
C548625,13078
C548626,15622
C548628,13184
C548647,12888
C548667,12781
C548695,17243
C548713,17337
C548717,16297
C548721,12957
C548722,13481
C548723,15874
C548724,15632
C548727,17725
C548729,12434
C548731,12755
C548738,14711
C548748,15223
C548830,12744
C548834,12744
C548851,15311
C548857,15311
C548866,14606
C548891,13418
C548906,13636
C548908,18108
C548914,12669
C548915,12668
C548941,15061
C548947,14546
C548972,15674
C548976,17725
C548982,15018
C548995,17841
C549013,15648
C549019,12474
C549039,17675
C549041,17644
C549045,14407
C549049,17677
C549050,13767
C549051,14747
C549098,12481
C549162,17438
C549184,12428
C549191,16422
C549230,12949
C549252,16584
C549253,12408
C549254,13769
C549265,16245
C549269,16701
C549288,14527
C549290,14395
C549315,12949
C549430,13846
C549437,13005
C549438,12471
C549450,13089
C549452,17940
C549530,13863
C549532,16217
C549533,12408
C549535,14110
C549540,17114
C549544,15311
C549545,18118
C549549,16359
C549565,13610
C549580,13501
C549582,12656
C549666,13113
C549685,13266
C549686,15646
C549688,15449
C549692,13668
C549723,13995
C549731,13266
C549753,13268
C549783,16558
C549786,14071
C549788,13098
C549822,12854
C549823,16875
C549824,15189
C549827,12463
C549840,15189
C549895,16553
C549897,15363
C549898,13078
C549899,14961
C549900,17180
C549905,17576
C549908,13324
C549912,15737
C549913,14267
C549919,15201
C549921,15109
C549922,15674
C549930,16454
C549945,18270
C549955,12359
C549960,16652
C549962,16652
C549968,14064
C549973,17873
C549986,18178
C549987,14367
C550009,16422
C550010,15299
C550013,12982
C550014,16133
C550024,13089
C550026,14339
C550027,14195
C550028,14606
C550029,13539
C550099,16933
C550127,15212
C550147,12637
C550165,15358
C550168,14339
C550170,17017
C550171,12585
C550172,17440
C550174,16394
C550176,14619
C550177,13534
C550181,13069
C550195,14796
C550300,17243
C550306,16905
C550349,15973
C550353,17841
C550355,13811
C550356,13458
C550358,13113
C550363,16033
C550365,12731
C550423,14403
C550442,16550
C550451,17204
C550454,15615
C550455,13098
C550456,15749
C550463,13157
C550466,14032
C550472,18009
C550475,13798
C550482,17204
C550484,16933
C550485,13317
C550486,16735
C550489,16033
C550494,15311
C550511,13798
C550529,18102
C550530,13082
C550533,17071
C550534,14326
C550536,16325
C550537,15932
C550538,17746
C550540,14339
C550609,14502
C550611,12569
C550614,13735
C550642,15027
C550646,16873
C550647,13134
C550648,13134
C550650,18171
C550664,16923
C550668,12457
C550672,12457
C550709,12997
C550751,15465
C550752,13089
C550770,17856
C550771,17856
C550780,17211
C550787,17450
C550807,13717
C550808,14323
C550809,14189
C550810,15135
C550812,15655
C550814,16611
C550825,18177
C550959,15594
C550961,14428
C550962,14834
C550966,17663
C550969,14152
C551015,12753
C551017,17975
C551018,12705
C551061,16356
C551139,17061
C551140,17613
C551167,14211
C551175,14329
C551178,15805
C551179,16422
C551180,14586
C551190,17940
C551195,13113
C551196,17069
C551265,14527
C551285,15005
C551316,15220
C551329,14626
C551330,17115
C551331,16398
C551333,12681
C551335,14198
C551336,13993
C551348,12415
C551386,16422
C551388,17874
C551463,13534
C551464,13085
C551465,14640
C551466,14189
C551508,13102
C551509,15845
C551510,16163
C551511,14311
C551512,14032
C551513,16592
C551521,16401
C551522,14800
C551526,16401
C551540,14735
C551541,13692
C551551,17841
C551557,13113
C551585,12483
C551587,13505
C551588,12708
C551602,17692
C551646,12888
C551648,14800
C551659,13668
C551670,15898
C551674,16654
C551683,13209
C551684,12947
C551685,16029
C551699,16029
C551712,13267
C551732,15382
C551737,14606
C551778,18220
C551841,15311
C551861,12840
C551863,16145
C551864,12483
C551865,17644
C551867,16227
C551892,16265
C551947,15147
C551948,17511
C551949,14149
C551999,14911
C552012,13552
C552014,15708
C552015,16722
C552016,15696
C552019,14227
C552020,18183
C552021,15125
C552022,12840
C552024,14961
C552027,16705
C552029,15622
C552030,15189
C552031,13089
C552043,12476
C552047,14796
C552049,17548
C552173,15144
C552190,12748
C552212,17422
C552213,13499
C552237,14056
C552241,14676
C552258,16923
C552300,14606
C552301,17323
C552317,12700
C552334,12853
C552335,12683
C552339,14667
C552343,15521
C552406,12709
C552423,14527
C552462,16242
C552535,13269
C552546,13767
C552552,16525
C552553,15674
C552556,17504
C552564,13694
C552568,12901
C552569,12901
C552570,15676
C552585,17841
C552650,16672
C552698,13448
C552700,14587
C552701,16094
C552704,13098
C552705,15620
C552706,13014
C552707,15696
C552709,12886
C552718,14462
C552719,13098
C552720,18272
C552722,12720
C552744,16297
C552765,16554
C552805,14149
C552841,15827
C552849,14367
C552856,14288
C552858,14180
C552863,13012
C552876,13235
C552889,14606
C552919,13282
C552936,13113
C552944,17811
C552995,18133
C553019,12757
C553020,12921
C553023,13952
C553024,13136
C553025,13971
C553026,15249
C553027,13741
C553028,15194
C553029,14201
C553030,18142
C553031,13908
C553032,13320
C553033,13883
C553150,17841
C553222,13662
C553230,14201
C553397,17841
C553407,15768
C553409,18136
C553414,12600
C553424,17811
C553478,17677
C553479,13098
C553482,14527
C553483,17527
C553486,17423
C553502,17677
C553508,14000
C553510,14342
C553512,15005
C553514,17700
C553516,14911
C553517,14209
C553518,16642
C553519,18218
C553529,18118
C553530,13777
C553532,14911
C553533,17612
C553534,14849
C553536,14051
C553557,13266
C553558,14112
C553560,14931
C553561,15596
C553562,13534
C553563,14342
C553564,17581
C553568,13650
C553569,16116
C553656,17389
C553665,14527
C553667,14755
C553669,15128
C553687,15311
C553748,16676
C553763,15081
C553780,15730
C553801,17526
C553840,12471
C553841,16029
C553851,15811
C553866,14620
C553875,15660
C553877,13319
C553880,13762
C553903,17671
C553904,13081
C553905,15622
C553906,16554
C553910,18168
C553914,18109
C553924,12476
C553998,16618
C553999,13408
C554001,16818
C554002,13692
C554004,15367
C554005,15620
C554006,13418
C554010,17940
C554011,13151
C554012,15125
C554025,14565
C554029,12681
C554100,15555
C554127,17949
C554136,14239
C554140,13004
C554150,14573
C554152,18257
C554153,16033
C554154,12757
C554197,14573
C554203,14573
C554210,14573
C554266,12474
C554273,13883
C554300,13455
C554302,12757
C554303,12757
C554308,12757
C554330,12749
C554331,16523
C554332,14009
C554333,13310
C554334,13089
C554335,15201
C554336,12474
C554338,14038
C554339,15128
C554340,17017
C554341,15630
C554342,16912
C554343,14859
C554344,14032
C554345,13767
C554346,18260
C554361,17811
C554373,16998
C554374,15128
C554477,16086
C554486,13168
C554493,16818
C554516,14527
C554517,15434
C554518,16592
C554519,13549
C554521,14407
C554522,18223
C554523,12863
C554525,15093
C554527,15251
C554528,14217
C554529,14226
C554530,15596
C554531,12463
C554532,14194
C554533,16923
C554535,17940
C554536,16705
C554537,16057
C554539,14911
C554540,15125
C554541,13078
C554558,13268
C554685,16161
C554686,15729
C554687,13479
C554688,14442
C554689,15027
C554690,16871
C554691,12921
C554692,12935
C554693,14292
C554715,13658
C554717,13089
C554781,14245
C554790,14911
C554793,12901
C554846,16700
C554847,12909
C554848,13659
C554849,17865
C554851,16463
C554856,17166
C554862,13468
C554863,15660
C554864,15122
C554867,13050
C554870,15078
C554871,18225
C554872,16341
C554873,13988
C554874,15615
C554905,14191
C554925,17272
C554926,16422
C554931,17841
C554973,14976
C554983,17152
C555006,13694
C555013,12601
C555014,13113
C555046,12431
C555054,14903
C555074,16837
C555100,12493
C555105,17841
C555163,12473
C555196,14606
C555197,17739
C555239,15039
C555244,12779
C555246,13662
C555248,17682
C555252,12987
C555253,17820
C555254,14740
C555255,17621
C555256,15955
C555258,12947
C555261,16873
C555262,12909
C555265,13599
C555267,16359
C555268,18257
C555269,15140
C555271,14338
C555272,16496
C555273,12708
C555274,14911
C555288,12431
C555328,16449
C555329,15622
C555337,16729
C555338,14323
C555339,16422
C555341,13004
C555342,17578
C555345,13267
C555346,12710
C555354,16566
C555355,15841
C555357,16422
C555358,13854
C555360,16133
C555361,13308
C555362,15785
C555364,14903
C555365,15791
C555366,12590
C555384,13534
C555386,15194
C555398,17375
C555404,17231
C555409,13854
C555411,13069
C555421,12779
C555475,18232
C555487,16484
C555529,16923
C555532,15722
C555563,17841
C555595,17652
C555596,17644
C555597,15796
C555598,15095
C555599,17190
C555600,12633
C555605,15281
C555629,14543
C555636,15073
C555639,13458
C555643,16520
C555652,13094
C555723,15737
C555727,15737
C555729,13552
C555730,14625
C555837,16092
C555860,16763
C555864,15189
C555873,15498
C555874,17162
C555877,16218
C555879,14292
C555880,15643
C555881,12473
C555882,14625
C555883,13862
C555885,14842
C555889,13476
C555892,14227
C555908,15687
C555935,12567
C556011,14475
C556037,14527
C556057,14221
C556096,13599
C556101,15643
C556117,12802
C556265,16684
C556268,13317
C556269,13456
C556270,14232
C556272,15159
C556273,13534
C556274,15299
C556275,13115
C556276,14696
C556277,12980
C556278,13462
C556281,14040
C556293,13094
C556294,15108
C556295,13662
C556297,15609
C556324,14287
C556327,17659
C556414,13985
C556436,16358
C556445,15098
C556448,15098
C556453,14525
C556457,15856
C556458,15491
C556493,17802
C556511,16525
C556518,16794
C556522,16938
C556530,18109
C556532,13856
C556535,17169
C556633,17696
C556634,17675
C556635,13505
C556637,15382
C556638,14231
C556639,13856
C556640,13148
C556643,17841
C556644,17115
C556645,13771
C556646,18221
C556647,13012
C556648,16038
C556649,15238
C556656,13148
C556668,15827
C556669,16133
C556673,16949
C556675,16013
C556676,13397
C556677,15643
C556678,13658
C556729,13319
C556735,14527
C556787,16745
C556793,12818
C556796,16013
C556818,17284
C556869,13199
C556877,15498
C556880,18073
C556888,15005
C556896,12843
C556904,14527
C556911,17511
C556919,17511
C556920,13047
C556923,15400
C556925,16013
C556930,15625
C556938,15625
C556957,12705
C556966,13523
C557004,16729
C557022,16942
C557037,16814
C557043,14245
C557047,13488
C557054,17828
C557059,16672
C557060,17725
C557061,14895
C557062,13213
C557111,17865
C557142,12678
C557148,13735
C557154,15296
C557165,15238
C557175,16170
C557224,15311
C557249,16817
C557269,13097
C557282,13632
C557288,18109
C557300,12421
C557405,12708
C557408,12621
C557411,13343
C557413,14701
C557463,14584
C557465,14796
C557467,17157
C557475,13517
C557478,13408
C557479,16700
C557487,14796
C557505,17490
C557508,16684
C557512,15700
C557515,17463
C557516,17651
C557519,16739
C557520,15291
C557521,13694
C557522,17193
C557566,15998
C557624,16422
C557629,14776
C557637,13630
C557638,17450
C557646,17306
C557647,17139
C557648,17677
C557649,15498
C557650,15152
C557651,17428
C557652,16145
C557653,14040
C557654,14243
C557655,15125
C557656,14001
C557657,13763
C557658,13630
C557659,16186
C557660,13999
C557661,13936
C557665,13384
C557666,12947
C557709,15840
C557773,15059
C557779,13004
C557791,14099
C557842,14159
C557874,14911
C557876,18223
C557879,14911
C557882,15061
C557883,17611
C557890,17204
C557895,15834
C557927,16029
C557941,12901
C557943,14217
C557944,15669
C557945,18223
C557946,17340
C557947,13089
C557965,13115
C557971,18118
C558029,12826
C558059,14194
C558060,17809
C558061,12809
C558080,15104
C558081,18172
C558082,16239
C558088,14475
C558091,14808
C558095,15046
C558097,15532
C558106,13668
C558110,17731
C558112,17114
C558128,13742
C558129,12919
C558189,15996
C558202,17841
C558239,16966
C558249,17562
C558252,18155
C558253,13611
C558254,16670
C558255,12955
C558256,13552
C558257,18198
C558258,13014
C558312,12955
C558313,13870
C558326,13300
C558327,17900
C558329,17900
C558354,14854
C558357,15502
C558360,16701
C558361,15128
C558405,13881
C558422,16779
C558423,16966
C558433,14606
C558434,15304
C558436,15805
C558438,15189
C558439,12584
C558444,15311
C558463,13982
C558465,13418
C558466,12951
C558468,17389
C558469,17757
C558471,12408
C558521,13113
C558522,15932
C558525,13113
C558530,15039
C558531,15039
C558553,17949
C558559,17648
C558575,12674
C558615,17719
C558698,16746
C558712,17338
C558716,17888
C558722,12901
C558726,16422
C558727,12709
C558733,16498
C558735,16700
C558736,18075
C558739,16570
C558745,14415
C558753,15033
C558764,15023
C558859,17841
C558882,13767
C558883,17063
C558884,13763
C558897,12619
C558898,14952
C558899,14338
C558901,18171
C558903,13115
C558905,13826
C558969,16729
C559003,13089
C559007,13534
C559008,15518
C559012,17017
C559019,14034
C559022,13021
C559030,16571
C559031,15985
C559033,17389
C559049,12494
C559059,13338
C559079,17841
C559105,16393
C559136,17511
C559140,13420
C559149,17469
C559175,12507
C559189,12626
C559193,12379
C559252,12980
C559253,12472
C559294,17861
C559303,13510
C559309,17719
C559334,16581
C559344,17837
C559345,13984
C559347,18072
C559348,16550
C559351,13408
C559417,13115
C559461,14680
C559467,13078
C559468,14905
C559470,15615
C559473,13769
C559474,13078
C559486,13047
C559495,14267
C559498,15078
C559500,14016
C559502,13338
C559530,14808
C559531,14808
C559533,17126
C559534,16283
C559540,18024
C559568,13627
C559608,14690
C559651,13184
C559659,14796
C559663,17706
C559664,18142
C559666,14389
C559667,13267
C559670,16033
C559675,13745
C559681,12717
C559683,17337
C559705,15719
C559738,18193
C559739,16422
C559740,17381
C559741,13013
C559742,14267
C559743,13599
C559744,15416
C559747,17069
C559803,16701
C559808,13743
C559829,14483
C559830,16998
C559880,15493
C559882,16156
C559908,14088
C559939,14426
C559947,16701
C559950,14562
C559952,17696
C559953,13815
C559983,14562
C559992,14527
C560043,16656
C560044,14258
C560045,16779
C560046,17049
C560099,16779
C560100,16422
C560123,16782
C560124,17440
C560148,15769
C560189,17652
C560206,17068
C560208,13013
C560219,12451
C560220,14572
C560221,13408
C560242,14659
C560243,14659
C560289,16398
C560301,14159
C560317,15527
C560330,17841
C560331,17706
C560365,14390
C560372,17448
C560384,14808
C560390,12930
C560391,12930
C560395,15125
C560396,18087
C560408,13564
C560409,16717
C560414,13564
C560418,17809
C560420,15369
C560430,13154
C560435,17603
C560436,17603
C560474,12705
C560526,16401
C560533,16488
C560540,12415
C560550,12971
C560556,13089
C560558,12921
C560559,16145
C560560,17738
C560561,17651
C560563,14911
C560564,12468
C560572,17065
C560574,14437
C560585,13941
C560588,13767
C560589,15249
C560608,16271
C560643,17866
C560645,15802
C560647,18102
C560649,17581
C560652,16393
C560653,15802
C560654,16255
C560687,14606
C560699,13217
C560733,15298
C560735,16013
C560818,17811
C560832,13488
C560842,14527
C560855,14410
C560860,13668
C560866,14410
C560869,12830
C560874,17677
C560877,16859
C560880,15152
C560898,12722
C560899,15260
C560902,17593
C560903,18198
C560904,14875
C560905,13468
C560907,16875
C560909,13590
C560910,14733
C560912,14400
C560932,15005
C560987,16859
C560990,14056
C561011,17612
C561012,13098
C561013,16705
C561016,14056
C561017,13050
C561018,14916
C561019,15187
C561041,15708
C561059,13802
C561061,13097
C561069,16570
C561083,13230
C561104,12576
C561117,13520
C561198,16161
C561210,17841
C561211,15544
C561212,17175
C561225,16029
C561227,12431
C561229,17096
C561230,14329
C561232,16133
C561233,17422
C561234,13327
C561235,13767
C561237,13050
C561238,17675
C561240,17677
C561319,15106
C561328,12471
C561358,12626
C561370,17693
C561379,13668
C561380,17693
C561464,14527
C561469,15289
C561510,14534
C561586,14243
C561587,17649
C561588,15781
C561589,16133
C561590,18268
C561591,15708
C561594,17671
C561596,16558
C561598,13109
C561604,18223
C561606,13420
C561608,15827
C561612,17054
C561613,14194
C561619,13408
C561620,15845
C561621,12722
C561622,16572
C561623,17677
C561628,16422
C561649,15746
C561681,15370
C561682,13631
C561684,13136
C561703,12709
C561725,17841
C561793,14414
C561810,14145
C561886,15532
C562016,14738
C562020,16774
C562022,17389
C562041,15120
C562048,13534
C562051,15602
C562097,15311
C562110,16316
C562111,15125
C562115,17696
C562116,15810
C562117,16628
C562118,12457
C562119,13505
C562121,16523
C562122,14857
C562124,13081
C562126,15764
C562139,12921
C562142,15189
C562144,12757
C562147,16180
C562149,13534
C562151,17053
C562154,13520
C562159,17389
C562160,13106
C562185,12748
C562188,12748
C562206,15625
C562221,16525
C562223,15804
C562267,14056
C562280,16133
C562281,12476
C562367,17811
C562375,14911
C562423,12584
C562425,12584
C562438,14621
C562514,13408
C562515,13408
C562522,13813
C562559,16743
C562561,16729
C562577,15518
C562582,15640
C562594,12748
C562597,15518
C562601,12901
C562613,15228
C562618,13186
C562620,13089
C562622,15299
C562623,16255
C562647,15502
C562648,14606
C562651,16951
C562657,13588
C562661,13588
C562687,15157
C562709,17511
C562726,16401
C562728,12406
C562773,17841
C562786,15581
C562793,16422
C562794,14112
C562795,13709
C562796,13694
C562797,16672
C562798,12929
C562799,16609
C562800,16401
C562801,15194
C562802,15201
C562803,15628
C562808,18282
C562811,13217
C562845,14903
C562848,15201
C562876,15110
C562884,14056
C562887,17994
C562889,18172
C562909,17602
C562910,15671
C562911,13384
C562915,13388
C562921,13767
C562938,14156
C562943,12693
C562952,12749
C562953,16180
C562954,17429
C562956,13186
C562957,13319
C562958,17531
C562959,17389
C562961,14305
C562962,17579
C562969,12610
C562992,12885
C563068,13722
C563072,16928
C563107,12709
C563109,12656
C563197,13047
C563207,17613
C563218,16401
C563219,17644
C563220,16150
C563221,17611
C563222,15660
C563223,16292
C563224,12409
C563225,14911
C563226,13116
C563232,17988
C563240,15048
C563249,16656
C563258,15311
C563363,15342
C563375,14911
C563433,16033
C563446,15205
C563459,17048
C563483,14175
C563553,16755
C563554,16755
C563570,17949
C563577,17949
C563586,12697
C563587,18248
C563591,16145
C563592,16029
C563593,14646
C563594,18248
C563595,13769
C563596,12749
C563598,14305
C563599,15152
C563600,14911
C563601,13047
C563602,14291
C563603,17302
C563604,15251
C563605,14112
C563606,13925
C563607,13078
C563608,17719
C563609,18178
C563610,14937
C563611,17340
C563612,17442
C563655,15311
C563693,17243
C563716,15706
C563751,12528
C563752,12362
C563773,13048
C563838,18241
C563856,13090
C563894,16330
C563899,17097
C563918,14572
C563948,13089
C564063,16184
C564081,17949
C564084,14911
C564094,16550
C564104,12530
C564108,12428
C564131,14407
C564134,12456
C564138,12753
C564142,12477
C564204,13576
C564206,14301
C564207,15270
C564208,15469
C564209,14189
C564210,14194
C564211,17652
C564212,13209
C564213,15301
C564214,16996
C564215,16133
C564217,12994
C564218,16302
C564232,13517
C564257,16607
C564276,16841
C564279,17706
C564281,14796
C564299,12853
C564320,16536
C564331,12569
C564362,13148
C564368,16493
C564424,12955
C564426,15804
C564427,17841
C564435,17676
C564478,14732
C564487,15838
C564488,16859
C564490,13266
C564491,18204
C564493,13089
C564504,16722
C564506,15315
C564545,14188
C564571,14606
C564592,13408
C564655,13159
C564711,16768
C564730,17841
C564748,14911
C564751,17828
C564759,14911
C564763,14096
C564812,14527
C564813,17173
C564845,17416
C564854,17865
C564899,14646
C564900,12948
C564903,16984
C564905,17450
C564907,18225
C564908,17705
C564909,15498
C564911,16133
C564913,12560
C564940,12931
C564941,13709
C564942,18097
C564944,13078
C564945,16652
C564946,13534
C564947,17747
C564948,14895
C564949,17706
C564952,14188
C564955,15786
C564956,16303
C564960,14525
C564964,17315
C564971,13466
C564996,17677
C564997,15625
C564998,17581
C565001,17675
C565016,15764
C565023,12901
C565025,13050
C565026,13694
C565044,12931
C565050,12381
C565075,13408
C565077,17451
C565078,16422
C565085,12474
C565089,12645
C565140,17841
C565215,16474
C565227,12708
C565229,17450
C565237,14299
C565284,12471
C565290,16092
C565294,12423
C565305,15311
C565313,14527
C565323,14606
C565379,14415
C565382,14096
C565390,13408
C565402,16401
C565403,16187
C565422,17774
C565425,15561
C565428,12867
C565477,13630
C565581,14565
C565582,14156
C565597,12709
C565615,12683
C565666,15856
C565671,14796
C565681,15521
C565683,15521
C565752,17841
C565761,16278
C565762,14040
C565789,16735
C565799,13999
C565804,17491
C565843,14606
C565848,14606
C565864,15752
C565925,12471
C565962,14410
C566007,16076
C566011,14688
C566012,17243
C566036,17811
C566071,17997
C566078,13137
C566084,12621
C566088,14911
C566090,12477
C566161,17696
C566165,14911
C566166,14194
C566167,17865
C566174,16309
C566176,16133
C566177,14108
C566180,16173
C566181,14243
C566182,14210
C566183,14837
C566185,18167
C566187,14096
C566197,18109
C566205,16362
C566209,16362
C566216,14096
C566222,13458
C566223,16145
C566252,13527
C566263,14606
C566280,12748
C566313,13577
C566384,17811
C566423,16984
C566445,14286
C566457,17696
C566458,16191
C566459,13236
C566460,18223
C566461,16713
C566462,14276
C566463,17449
C566464,15764
C566466,13850
C566467,14688
C566468,13319
C566469,13709
C566470,13136
C566471,16670
C566472,16187
C566473,16705
C566474,15136
C566475,14527
C566490,16656
C566565,14096
C566584,17779
C566611,15513
C566613,16029
C566614,16029
C566626,15380
C566671,17841
C566672,13145
C566725,14606
C566741,15618
C566742,17422
C566743,14299
C566745,16150
C566748,12822
C566749,13999
C566751,14911
C566752,14397
C566753,14911
C566754,18158
C566758,14292
C566775,14060
C566777,14911
C566779,13931
C566780,12997
C566782,16048
C566784,14915
C566785,17071
C566820,17214
C566925,12748
C566939,14111
C566940,14105
C566941,13136
C566942,17139
C566943,16293
C566944,15449
C566945,13319
C566946,15122
C566947,13871
C566948,13468
C566953,15804
C566955,13026
C566956,14019
C566957,18172
C566958,14420
C566960,12616
C566961,13319
C566963,17573
C566965,12919
C566966,16362
C566970,13993
C566978,14177
C566986,12476
C566999,14842
C567065,16108
C567091,12513
C567147,12709
C567155,17728
C567177,15533
C567187,12705
C567198,14159
C567289,17612
C567330,13552
C567331,16609
C567332,13767
C567345,14911
C567347,15465
C567348,15755
C567349,13375
C567350,17677
C567351,15251
C567355,15764
C567357,16211
C567358,16428
C567359,15201
C567360,13860
C567361,13599
C567365,15443
C567440,17841
C567519,12474
C567520,12989
C567521,12540
C567527,17450
C567532,15888
C567534,16341
C567535,15253
C567536,14284
C567538,14198
C567540,12384
C567541,15498
C567543,13418
C567544,15622
C567620,14306
C567624,13448
C567627,17511
C567641,12409
C567643,12409
C567655,14096
C567677,12409
C567681,15433
C567682,17997
C567685,16394
C567686,17702
C567688,13282
C567689,17434
C567690,15810
C567691,17567
C567703,15810
C567704,17716
C567705,14768
C567706,15769
C567708,15201
C567712,13282
C567714,16316
C567715,16160
C567716,14543
C567717,15601
C567767,17460
C567867,16669
C567884,13627
C567885,12879
C567891,15296
C567896,14527
C567902,15555
C567903,16422
C567916,12579
C567919,17037
C567940,16984
C567945,17340
C567946,12909
C567947,17663
C567948,14769
C567949,13435
C567950,17069
C567952,18226
C567953,18198
C567955,17428
C567956,12895
C567961,13430
C567963,14141
C567964,12995
C567965,14911
C567978,14546
C567997,13097
C568055,17929
C568096,17867
C568097,15804
C568138,16689
C568157,14367
C568184,15429
C568232,14808
C568237,13481
C568240,17172
C568244,12583
C568345,14096
C568347,17997
C568348,17997
C568370,15154
C568377,14911
C568385,15398
C568386,12720
C568388,14808
C568395,17480
C568410,12748
C568412,14456
C568416,14866
C568418,15763
C568419,13694
C568420,16573
C568421,16626
C568445,16156
C568501,16713
C568516,14456
C568532,14356
C568534,12579
C568557,12681
C568559,14397
C568560,14299
C568561,15505
C568562,17002
C568570,15358
C568571,17581
C568572,15194
C568573,13115
C568575,13134
C568579,14934
C568580,12566
C568581,15804
C568582,13014
C568584,15706
C568587,18225
C568596,16493
C568597,13089
C568598,15737
C568599,14395
C568600,18223
C568601,15696
C568646,13430
C568649,16626
C568664,14911
C568677,12619
C568689,17841
C568694,16321
C568714,16332
C568748,16389
C568796,17870
C568799,17450
C568830,13725
C568832,17450
C568879,14680
C568884,14680
C568899,12619
C568903,16156
C568911,15050
C569032,15061
C569034,16240
C569038,12940
C569107,15150
C569109,16523
C569112,17405
C569113,13426
C569114,14911
C569115,13426
C569116,13320
C569117,17506
C569119,14194
C569128,15034
C569138,14911
C569233,17841
C569245,14096
C569251,12957
C569318,13505
C569320,15301
C569370,12484
C569387,14031
C569390,15502
C569395,14188
C569410,13364
C569421,15339
C569422,12546
C569456,17675
C569485,12705
C569490,12457
C569525,16474
C569526,15044
C569547,14834
C569548,18053
C569549,15955
C569552,14533
C569553,16362
C569554,16401
C569636,12841
C569644,14534
C569655,14534
C569663,17841
C569682,15351
C569733,12500
C569743,15769
C569786,17813
C569829,14527
C569851,17511
C569891,13924
C569902,13647
C569908,16782
C569909,17611
C569911,16653
C569913,14217
C569916,13777
C569922,16842
C569938,14211
C569939,14883
C569940,15611
C569941,16909
C569942,14907
C569944,17405
C569945,14141
C569946,16462
C569949,12584
C569950,13499
C569951,16394
C569952,16160
C569953,15841
C569954,14792
C569955,17644
C569956,14944
C569957,15745
C569958,13266
C569959,13983
C569960,18172
C569961,13704
C569963,13131
C569964,16523
C569966,13279
C569967,17490
C569969,17159
C569970,13055
C569971,16875
C569972,13317
C569973,12703
C569974,14092
C569975,14333
C569976,16747
C569978,13988
C569979,17652
C569980,13767
C569981,12679
C569982,15365
C569984,17231
C569985,15365
C569986,16245
C569987,18194
C569988,17231
C569989,16839
C569990,15505
C569991,14501
C569992,16133
C569993,17633
C569994,15606
C569995,14557
C569996,15322
C570004,13198
C570005,14462
C570006,14217
C570012,15344
C570066,16523
C570099,13798
C570122,15874
C570194,16918
C570199,13090
C570203,15311
C570207,16326
C570221,13113
C570274,13113
C570276,17419
C570278,14534
C570279,13694
C570283,12708
C570290,14665
C570291,12731
C570301,16900
C570331,14606
C570406,17841
C570447,16791
C570450,13224
C570460,17527
C570471,13408
C570476,17509
C570477,14719
C570478,14644
C570480,17552
C570483,13078
C570484,14911
C570486,14533
C570487,14096
C570490,14356
C570508,15706
C570515,12719
C570552,16029
C570553,14800
C570556,16029
C570573,14997
C570647,15125
C570655,15208
C570658,16120
C570683,16161
C570684,14535
C570686,13418
C570687,14959
C570692,13359
C570704,13208
C570708,12908
C570727,12471
C570775,12664
C570828,14911
C570831,14911
C570835,12457
C570845,17017
C570850,15473
C570853,15473
C570854,15473
C570867,12607
C570889,13954
C570902,17724
C570958,16873
C570962,17509
C570963,13816
C570996,14849
C571003,15801
C571009,12612
C571014,17509
C571023,15239
C571029,13035
C571045,15606
C571051,14626
C571059,17813
C571066,12709
C571127,12583
C571186,14390
C571220,13810
C571233,15856
C571251,13814
C571262,12901
C571264,17769
C571285,16533
C571287,13610
C571316,15091
C571319,17164
C571320,13089
C571321,17096
C571325,12783
C571327,12783
C571329,17706
C571336,16652
C571346,16101
C571440,14096
C571466,16463
C571473,12679
C571499,12454
C571507,13919
C571543,17677
C571619,16140
C571625,16140
C571634,16029
C571635,16393
C571637,14688
C571639,15498
C571678,12679
C571680,12679
C571695,14776
C571699,15106
C571707,14056
C571711,15296
C571750,12744
C571814,14477
C571838,17841
C571854,15826
C571855,17462
C571856,17063
C571858,14257
C571859,15159
C571860,14175
C571861,16670
C571862,13422
C571893,13314
C571896,16533
C571897,16157
C571902,14488
C571907,14297
C571919,17350
C571925,13115
C571927,13109
C571928,12720
C572022,16474
C572027,15754
C572029,17651
C572059,17346
C572102,13519
C572109,13350
C572110,14910
C572111,13136
C572112,14113
C572113,15179
C572114,17169
C572115,16394
C572116,15620
C572117,17603
C572118,18228
C572119,15598
C572120,14911
C572187,12403
C572223,14147
C572226,15321
C572228,15728
C572275,12572
C572276,16768
C572299,13598
C572334,14607
C572343,14607
C572410,16742
C572428,17949
C572440,17811
C572449,14428
C572463,17652
C572469,13534
C572471,17090
C572473,18188
C572478,13098
C572479,12463
C572481,15632
C572482,17314
C572485,14952
C572486,14156
C572488,12474
C572489,17119
C572491,13047
C572492,12940
C572529,17675
C572530,15782
C572531,13269
C572532,12380
C572535,15411
C572538,14121
C572546,17481
C572551,14096
C572554,17317
C572556,17317
C572659,14527
C572722,16869
C572736,15836
C572747,17423
C572750,14395
C572754,15482
C572761,12584
C572831,14895
C572850,17841
C572855,15215
C572864,12856
C572916,16325
C572917,15296
C572927,14233
C572968,14764
C572989,15786
C572991,17672
C572993,16690
C572995,13890
C573010,13735
C573021,14911
C573024,14474
C573030,15468
C573031,13004
C573034,14227
C573037,12471
C573079,12536
C573081,14527
C573084,13587
C573086,13991
C573092,13791
C573097,15038
C573098,15088
C573099,12921
C573101,16592
C573105,13969
C573147,15125
C573148,15469
C573172,16966
C573187,12709
C573219,14415
C573228,16764
C573244,14623
C573253,17552
C573257,14297
C573260,15287
C573268,12748
C573271,14606
C573283,18030
C573306,17837
C573321,14546
C573427,14560
C573471,14286
C573502,14808
C573541,14738
C573575,14096
C573750,16150
C573753,14329
C573754,13126
C573755,13028
C573756,17865
C573759,17193
C573760,16648
C573761,15489
C573764,13032
C573765,18226
C573766,14189
C573767,13882
C573771,16164
C573779,16360
C573864,15311
C573869,12523
C573925,17109
C573929,17811
C573949,14511
C574003,14390
C574010,17841
C574019,12415
C574026,14606
C574027,13394
C574028,14493
C574030,13870
C574031,13394
C574057,14102
C574061,12474
C574065,13271
C574078,14911
C574083,15521
C574095,12674
C574137,14505
C574238,13408
C574248,13925
C574254,15527
C574259,15521
C574261,12683
C574268,14359
C574291,15290
C574318,16729
C574322,15482
C574337,16979
C574339,14629
C574344,12415
C574347,12500
C574350,16637
C574424,16014
C574443,13890
C574447,12704
C574472,17690
C574473,15809
C574483,14359
C574486,15329
C574487,14112
C574488,13050
C574489,18219
C574492,16656
C574493,14842
C574494,15468
C574496,14156
C574499,14412
C574500,15598
C574503,16191
C574504,17434
C574505,13534
C574507,15345
C574508,16463
C574510,15110
C574512,12577
C574515,15159
C574517,17109
C574522,14292
C574524,17841
C574525,17841
C574526,14567
C574527,14156
C574548,18044
C574558,15187
C574584,15482
C574658,15426
C574712,14502
C574748,17107
C574753,13924
C574825,16678
C574828,16232
C574850,14702
C574865,12408
C574872,13993
C574875,16416
C574876,14426
C574886,14606
C574894,12597
C574900,17014
C574912,13324
C574922,15502
C574946,12656
C574954,18223
C574955,15066
C574957,17924
C574999,17289
C575004,13587
C575013,16253
C575035,15005
C575042,16764
C575044,14948
C575047,13047
C575052,14232
C575055,14329
C575056,17736
C575058,16013
C575064,12472
C575065,13924
C575079,14911
C575081,12483
C575082,12613
C575142,17183
C575150,12471
C575155,13709
C575156,16602
C575157,16379
C575158,15251
C575159,15513
C575160,14911
C575161,15271
C575171,18164
C575172,16790
C575173,15275
C575174,14156
C575223,12472
C575224,17511
C575257,13623
C575327,14911
C575341,12931
C575385,15916
C575511,14456
C575531,12544
C575537,14606
C575565,14401
C575572,17528
C575573,16705
C575575,17652
C575577,15597
C575578,15358
C575580,13599
C575585,15839
C575588,14064
C575590,15785
C575592,12619
C575606,14096
C575608,16133
C575616,15805
C575626,17651
C575630,15830
C575635,12473
C575638,12473
C575641,15814
C575648,16523
C575650,14194
C575651,17653
C575653,13988
C575662,13767
C575663,13769
C575664,12952
C575665,17442
C575666,18092
C575667,14032
C575669,12417
C575670,13081
C575672,13098
C575679,16863
C575746,13588
C575749,12856
C575752,13500
C575763,15034
C575777,13881
C575839,12517
C575841,13408
C575872,13408
C575879,13588
C575921,12931
C575940,17838
C575953,16015
C575962,14547
C575963,16794
C575980,12867
C576072,18069
C576108,15113
C576183,12476
C576194,16790
C576195,14606
C576197,13755
C576199,12610
C576216,12584
C576218,13694
C576223,15993
C576226,13268
C576227,14910
C576229,13816
C576230,17602
C576231,14868
C576232,15839
C576235,17769
C576240,14441
C576241,13447
C576242,16747
C576243,15953
C576244,18167
C576247,13139
C576248,16639
C576324,16161
C576325,15050
C576338,14096
C576348,13267
C576350,17730
C576360,14910
C576363,14794
C576375,16878
C576393,13735
C576397,13081
C576401,13026
C576402,13026
C576409,15298
C576515,13950
C576561,15311
C576565,13066
C576576,17521
C576647,15584
C576670,16393
C576785,14109
C576788,15344
C576816,12569
C576831,12748
C576850,13924
C576856,16912
C576858,17183
C576866,16278
C576868,18263
C576870,14907
C576871,14441
C576898,17828
C576903,12712
C576908,12670
C576918,14102
C576919,15529
C576921,17613
C576925,14102
C576968,13668
C576974,12474
C577040,15864
C577042,13894
C577066,15563
C577070,12704
C577073,14359
C577075,14456
C577081,18230
C577096,17095
C577131,15861
C577147,13396
C577149,17034
C577151,12781
C577153,13266
C577154,15502
C577159,15406
C577163,16678
C577164,16678
C577196,16924
C577227,14527
C577323,17904
C577327,17779
C577345,15563
C577349,16168
C577350,14315
C577351,17728
C577353,12781
C577354,14732
C577360,13012
C577362,14073
C577363,12697
C577364,14140
C577369,14132
C577375,14441
C577381,15297
C577383,13091
C577384,14156
C577385,14189
C577386,18276
C577388,14911
C577389,13381
C577390,18276
C577391,13078
C577392,16560
C577394,14902
C577395,12779
C577397,12504
C577398,16839
C577399,13895
C577481,12778
C577486,15533
C577509,13118
C577513,18110
C577547,17841
C577614,17888
C577683,14493
C577688,13890
C577692,14426
C577693,12628
C577722,14607
C577731,17811
C577737,15681
C577750,12878
C577752,16670
C577753,13756
C577775,12504
C577781,15406
C577786,13246
C577799,13458
C577815,17071
C577817,13081
C577819,17313
C577821,13777
C577828,14911
C577832,18274
C577839,16633
C577849,14534
C577889,16191
C577892,16191
C578003,13832
C578007,16474
C578039,17338
C578061,15811
C578062,12471
C578073,18139
C578076,18139
C578077,12936
C578090,12483
C578110,15804
C578122,12452
C578124,14049
C578131,13171
C578132,15502
C578136,14156
C578142,17010
C578144,16201
C578148,15117
C578164,14032
C578239,14912
C578257,17809
C578259,16660
C578269,14096
C578274,17828
C578276,17511
C578280,17841
C578282,17841
C578342,15993
C578355,14397
C578363,15482
C578367,14640
C578368,16191
C578371,14410
C578377,14277
C578432,12395
C578669,17323
C578673,16016
C578743,12681
C578784,13081
C578803,16764
C578832,13069
C578932,15351
C578991,15555
C579018,16678
C579090,12427
C579092,16900
C579127,12674
C579140,16393
C579169,17924
C579172,17811
C579178,12362
C579186,13238
C579192,12657
C579195,14096
C579266,15621
C579277,17450
C579347,17658
C579366,14205
C579415,15311
C579431,17584
C579438,14235
C579496,18161
C579502,16759
C579519,12748
C579521,12748
C579532,12494
C579547,16764
C579554,13924
C579562,12553
C579710,15467
C579739,16956
C579746,13078
C579748,14875
C579752,13777
C579753,15484
C579756,14733
C579758,14644
C579760,17096
C579764,14936
C579766,15793
C579776,13212
C579778,14217
C579780,14217
C579781,17451
C579782,17451
C579783,17727
C579785,12584
C579791,15969
C579864,12584
C579866,17528
C579869,14189
C579871,16101
C579876,18059
C579877,16240
C579878,17340
C579882,13050
C579883,14194
C579884,14527
C579886,15676
C579887,16717
C579889,13853
C579890,15197
C579891,13644
C579892,13310
C579893,13468
C579894,13098
C579895,14329
C579896,13971
C579897,17636
C579898,14299
C579902,13365
C579903,18130
C579904,17049
C579905,13078
C579906,17063
C579908,14527
C579911,14525
C579912,17044
C579913,14626
C579914,13267
C579915,16570
C579918,13410
C579919,17540
C579923,17071
C579924,16293
C579925,15544
C579926,14389
C579928,14121
C579929,17828
C579930,15563
C579931,13115
C579932,14950
C579933,14853
C579934,14860
C579935,14188
C579944,15021
C579945,15993
C579948,16376
C579968,14189
C579970,14388
C579989,15745
C579992,13408
C580056,14911
C580072,16240
C580099,13171
C580131,17576
C580161,12700
C580165,12359
C580168,12465
C580171,17949
C580174,14126
C580179,13352
C580180,14688
C580263,12536
C580312,13969
C580313,12668
C580392,16283
C580507,15867
C580510,14456
C580522,13435
C580597,16360
C580641,15621
C580649,14777
C580686,15984
C580698,17426
C580701,14793
C580702,17404
C580703,16705
C580707,12957
C580708,14546
C580710,14198
C580711,16057
C580714,12479
C580726,14096
C580740,12479
C580741,17659
C580747,17611
C580749,18167
C580751,12921
C580761,17528
C580762,14543
C580764,14562
C580766,14562
C580767,14655
C580768,13914
C580769,14869
C580770,13255
C580773,16523
C580805,16764
C580821,13098
C580826,17490
C580832,12753
C580886,15311
C580912,12989
C580913,17857
C580917,13362
C580918,16779
C580919,16571
C580954,12967
C580957,12839
C580966,16554
C580968,15622
C580970,15814
C580971,14298
C580989,12709
C581009,16971
C581012,13014
C581071,12375
C581100,14534
C581106,13668
C581117,16393
C581121,14087
C581124,13109
C581128,12785
C581145,17490
C581148,12462
C581162,14739
C581178,15525
C581228,16019
C581229,12558
C581235,15950
C581305,16933
C581316,12523
C581322,18223
C581323,14442
C581330,15877
C581384,17673
C581390,13081
C581393,16892
C581409,12476
C581460,13078
C581462,12985
C581463,17526
C581464,15951
C581465,15755
C581466,13883
C581468,13599
C581470,17924
C581484,16446
C581490,14397
C581499,15498
C581568,15311
C581569,17315
